iter,PID,start,end,instance,activation,response_time
0,5199,3129.578258612,3129.590900647,0,1,0.012642035000226315
1,5199,3129.678256713,3129.713569946,0,1,0.035313233000124455
2,5199,3129.778242622,3129.815108793,0,1,0.03686617099992873
3,5199,3129.878236691,3129.918058332,0,1,0.039821640999889496
4,5199,3129.978244552,3130.014085447,0,1,0.03584089500009213
5,5199,3130.078340127,3130.112841723,0,1,0.03450159600015468
6,5199,3130.178804737,3130.211924087,0,1,0.03311935000010635
7,5199,3130.278236262,3130.308618868,0,1,0.030382605999875523
8,5199,3130.378303197,3130.411280880,0,1,0.032977682999899116
9,5199,3130.478241104,3130.509289871,0,1,0.031048766999902
10,5199,3130.578231813,3130.608087812,0,1,0.029855999000119482
11,5199,3130.678239386,3130.707736816,0,1,0.029497429999992164
12,5199,3130.778249039,3130.807748261,0,1,0.029499222000140435
13,5199,3130.878237156,3130.906850114,0,1,0.02861295799993968
14,5199,3130.978264025,3131.008221339,0,1,0.029957314000057522
15,5199,3131.078261550,3131.106093719,0,1,0.027832168999793794
16,5199,3131.178250371,3131.207109607,0,1,0.028859235999789234
17,5199,3131.278238936,3131.307120605,0,1,0.02888166899992939
18,5199,3131.378236652,3131.406434527,0,1,0.028197874999932537
19,5199,3131.478255202,3131.507661365,0,1,0.02940616299974863
20,5199,3131.578231030,3131.605155399,0,1,0.026924368999971193
21,5199,3131.678237643,3131.706178135,0,1,0.027940491999743244
22,5199,3131.778236832,3131.807262985,0,1,0.029026152999904298
23,5199,3131.878236053,3131.906200642,0,1,0.02796458900002108
24,5199,3131.978235562,3132.007512730,0,1,0.029277168000135134
25,5199,3132.078342626,3132.105849346,0,1,0.027506720000019413
26,5199,3132.180076069,3132.213183675,0,1,0.03310760600015783
27,5199,3132.278238569,3132.306414299,0,1,0.0281757299999299
28,5199,3132.378241054,3132.406856508,0,1,0.028615454000373575
29,5199,3132.478246387,3132.507346078,0,1,0.029099690999828454
30,5199,3132.578242760,3132.605775465,0,1,0.027532704999885027
31,5199,3132.678240156,3132.706500433,0,1,0.02826027700029954
32,5199,3132.778456823,3132.804781208,0,1,0.0263243849999526
33,5199,3132.878243974,3132.905583522,0,1,0.02733954800032734
34,5199,3132.978247131,3133.005367921,0,1,0.027120790000026318
35,5199,3133.078236752,3133.104570289,0,1,0.026333537000027718
36,5199,3133.178232741,3133.207044456,0,1,0.028811714999847027
37,5199,3133.278269691,3133.306555184,0,1,0.028285493000112183
38,5199,3133.378247343,3133.406665832,0,1,0.028418488999705005
39,5199,3133.478246340,3133.506359061,0,1,0.028112720999615703
40,5199,3133.578236793,3133.604887522,0,1,0.02665072899981169
41,5199,3133.678259694,3133.705922483,0,1,0.027662788999805343
42,5199,3133.778244579,3133.804612389,0,1,0.02636781000001065
43,5199,3133.878234743,3133.917690423,0,1,0.039455679999718996
44,5199,3133.978290926,3134.006338429,0,1,0.0280475029999252
45,5199,3134.078258498,3134.104234969,0,1,0.02597647099992173
46,5199,3134.178246902,3134.208486080,0,1,0.030239178000101674
47,5199,3134.278259948,3134.305306560,0,1,0.02704661200004921
48,5199,3134.378240384,3134.404886409,0,1,0.026646024999990914
49,5199,3134.478237589,3134.511099589,0,1,0.03286200000002282
50,5199,3134.578261642,3134.620309840,0,1,0.042048197999974946
51,5199,3134.678259359,3134.712282286,0,1,0.03402292700002363
52,5199,3134.778349655,3134.807660583,0,1,0.029310928000086278
53,5199,3134.878238440,3134.905523907,0,1,0.02728546699972867
54,5199,3134.978233309,3135.004992906,0,1,0.026759596999909263
55,5199,3135.078238514,3135.105353736,0,1,0.027115221999792993
56,5199,3135.178338410,3135.204694379,0,1,0.026355969000178447
57,5199,3135.278261981,3135.305295248,0,1,0.02703326700020625
58,5199,3135.378234193,3135.405831220,0,1,0.027597026999956142
59,5199,3135.478235910,3135.507432371,0,1,0.029196461000083218
60,5199,3135.578232859,3135.604412279,0,1,0.026179420000062237
61,5199,3135.678839712,3135.713823336,0,1,0.03498362400023325
62,5199,3135.778257445,3135.810284094,0,1,0.0320266490002723
63,5199,3135.878309467,3135.913256163,0,1,0.03494669600013367
64,5199,3135.978240878,3136.004808566,0,1,0.026567687999886402
65,5199,3136.078270084,3136.112446359,0,1,0.03417627499993614
66,5199,3136.178247256,3136.211425585,0,1,0.03317832900029316
67,5199,3136.278233997,3136.311661772,0,1,0.03342777500029115
68,5199,3136.378243938,3136.406779454,0,1,0.02853551599991988
69,5199,3136.478244151,3136.509430202,0,1,0.031186051000076986
70,5199,3136.578243436,3136.612416319,0,1,0.034172883000337606
71,5199,3136.678261665,3136.706444404,0,1,0.02818273900038548
72,5199,3136.778244054,3136.807032120,0,1,0.028788065999833634
73,5199,3136.878237642,3136.907755329,0,1,0.029517686999952275
74,5199,3136.978234911,3137.004638498,0,1,0.026403587000004336
75,5199,3137.078239508,3137.106447175,0,1,0.02820766700006061
76,5199,3137.178273034,3137.206971562,0,1,0.028698527999949874
77,5199,3137.278266591,3137.309881357,0,1,0.03161476600007518
78,5199,3137.378237843,3137.406502696,0,1,0.028264853000109724
79,5199,3137.478293609,3137.507533976,0,1,0.029240367000056722
80,5199,3137.578231933,3137.605566680,0,1,0.02733474699971339
81,5199,3137.678233521,3137.705782195,0,1,0.02754867400017247
82,5199,3137.778235366,3137.805703398,0,1,0.0274680319998879
83,5199,3137.878249916,3137.906053700,0,1,0.02780378399984329
84,5199,3137.978240048,3138.008197554,0,1,0.029957506000300782
85,5199,3138.078237541,3138.109089503,0,1,0.03085196200026985
86,5199,3138.178241530,3138.206013410,0,1,0.027771880000273086
87,5199,3138.278240303,3138.313192919,0,1,0.034952615999827685
88,5199,3138.378246628,3138.410543813,0,1,0.03229718500006129
89,5199,3138.478253657,3138.507229601,0,1,0.028975943999739684
90,5199,3138.578318864,3138.607977802,0,1,0.029658938000011403
91,5199,3138.678248899,3138.710100951,0,1,0.03185205199997654
92,5199,3138.778243480,3138.813603978,0,1,0.03536049800004548
93,5199,3138.878294318,3138.908359379,0,1,0.030065061000186688
94,5199,3138.978244353,3139.014629103,0,1,0.0363847500002521
95,5199,3139.078248566,3139.107209982,0,1,0.0289614159996745
96,5199,3139.178236139,3139.206276057,0,1,0.02803991800010408
97,5199,3139.278237568,3139.309732651,0,1,0.03149508300020898
98,5199,3139.378238709,3139.411126053,0,1,0.03288734399984605
99,5199,3139.478248234,3139.505861261,0,1,0.027613026999915746
100,5199,3139.578241663,3139.607264967,0,1,0.02902330400002029
101,5199,3139.678242003,3139.707070583,0,1,0.028828580000208603
102,5199,3139.778237064,3139.810666636,0,1,0.03242957199972807
103,5199,3139.878235677,3139.909911181,0,1,0.0316755040003045
104,5199,3139.978246098,3140.008607839,0,1,0.030361740999978792
105,5199,3140.078248231,3140.108468816,0,1,0.030220584999824496
106,5199,3140.178263100,3140.209934540,0,1,0.03167144000008193
107,5199,3140.278242641,3140.316123527,0,1,0.03788088600003903
108,5199,3140.378248230,3140.410012472,0,1,0.03176424200000838
109,5199,3140.478263259,3140.510875652,0,1,0.03261239299990848
110,5199,3140.578264976,3140.615237550,0,1,0.03697257400017406
111,5199,3140.678239780,3140.707787771,0,1,0.029547991000072216
112,5199,3140.778234137,3140.810254706,0,1,0.03202056899999661
113,5199,3140.878240974,3140.914050284,0,1,0.03580930999987686
114,5199,3140.978245635,3141.012815328,0,1,0.03456969300032142
115,5199,3141.078259512,3141.115002672,0,1,0.036743160000241915
116,5199,3141.178195403,3141.210651984,0,1,0.032456581000133156
117,5199,3141.278241697,3141.312606969,0,1,0.034365272000286495
118,5199,3141.378257815,3141.409025902,0,1,0.0307680870000695
119,5199,3141.478235883,3141.507857956,0,1,0.02962207300015507
120,5199,3141.578250528,3141.610682724,0,1,0.03243219600017255
121,5199,3141.678317303,3141.714430462,0,1,0.03611315900025147
122,5199,3141.778235114,3141.809130245,0,1,0.030895130999851972
123,5199,3141.878236542,3141.910093011,0,1,0.03185646899964922
124,5199,3141.978236307,3142.008827174,0,1,0.030590867000228172
125,5199,3142.078250249,3142.107482583,0,1,0.02923233399997116
126,5199,3142.178239037,3142.207834293,0,1,0.029595255999993242
127,5199,3142.278600604,3142.309090956,0,1,0.030490352000015264
128,5199,3142.378262696,3142.412403609,0,1,0.034140913000101136
129,5199,3142.478721417,3142.509871499,0,1,0.03115008199984004
130,5199,3142.578256401,3142.614743490,0,1,0.036487088999820116
131,5199,3142.678237765,3142.709902517,0,1,0.03166475199986962
132,5199,3142.778374046,3142.808089753,0,1,0.029715706999922986
133,5199,3142.878263824,3142.914743520,0,1,0.03647969599978751
134,5199,3142.978552844,3143.009103774,0,1,0.030550929999662912
135,5199,3143.078248473,3143.115534175,0,1,0.03728570200019021
136,5199,3143.178280111,3143.208144782,0,1,0.029864671000268572
137,5199,3143.278233283,3143.316189211,0,1,0.03795592799997394
138,5199,3143.378259288,3143.408773033,0,1,0.030513745000007475
139,5199,3143.478236524,3143.509215178,0,1,0.030978654000136885
140,5199,3143.578237633,3143.608757266,0,1,0.030519633000039903
141,5199,3143.678252566,3143.721139410,0,1,0.04288684399989506
142,5199,3143.778239979,3143.806292602,0,1,0.02805262300034883
143,5199,3143.878301089,3143.915269087,0,1,0.03696799799990913
144,5199,3143.978244149,3144.012098399,0,1,0.03385424999987663
145,5199,3144.078239754,3144.111046360,0,1,0.03280660599966723
146,5199,3144.178254431,3144.210263160,0,1,0.032008729000153835
147,5199,3144.278245811,3144.309566906,0,1,0.03132109499983926
148,5199,3144.378245480,3144.413422934,0,1,0.035177454000404396
149,5199,3144.478249053,3144.506530706,0,1,0.02828165299979446
150,5199,3144.578242258,3144.607066197,0,1,0.028823939000176324
151,5199,3144.678249607,3144.710522503,0,1,0.032272895999994944
152,5199,3144.778247292,3144.810752994,0,1,0.032505701999980374
153,5199,3144.878312178,3144.926599775,0,1,0.04828759699967122
154,5199,3144.978246117,3145.020313675,0,1,0.042067558000326244
155,5199,3145.078235354,3145.128748834,0,1,0.05051348000006328
156,5199,3145.178234383,3145.227063530,0,1,0.04882914700010588
157,5199,3145.278239972,3145.331437812,0,1,0.05319783999993888
158,5199,3145.378242809,3145.429702266,0,1,0.05145945699996446
159,5199,3145.478241486,3145.530961233,0,1,0.05271974700008286
160,5199,3145.578249091,3145.622456674,0,1,0.044207583000115847
161,5199,3145.678258616,3145.723201099,0,1,0.044942482999886124
162,5199,3145.778240012,3145.824512995,0,1,0.04627298300010807
163,5199,3145.878235809,3145.936534041,0,1,0.05829823199974271
164,5199,3145.978250582,3146.026942701,0,1,0.04869211899995207
165,5199,3146.078245099,3146.121985246,0,1,0.04374014699988038
166,5199,3146.178238591,3146.224175405,0,1,0.04593681400001515
167,5199,3146.278260341,3146.328325649,0,1,0.05006530799983011
168,5199,3146.378242217,3146.429991922,0,1,0.051749705000020185
169,5199,3146.478246046,3146.521718218,0,1,0.04347217199983788
170,5199,3146.578247091,3146.626955211,0,1,0.04870812000035585
171,5199,3146.678260392,3146.723892878,0,1,0.04563248599970393
172,5199,3146.778258589,3146.822839494,0,1,0.04458090500020262
173,5199,3146.878236113,3146.924736174,0,1,0.04650006099973325
174,5199,3146.978233414,3147.028737070,0,1,0.050503655999818875
175,5199,3147.078250363,3147.129693884,0,1,0.051443521000237524
176,5199,3147.178263664,3147.225464576,0,1,0.04720091199988019
177,5199,3147.278281158,3147.322343489,0,1,0.04406233100007739
178,5199,3147.378251482,3147.431438250,0,1,0.053186768000159645
179,5199,3147.478241390,3147.526411512,0,1,0.04817012199964665
180,5199,3147.578329126,3147.619344336,0,1,0.04101520999984132
181,5199,3147.678242456,3147.718391499,0,1,0.0401490429999285
182,5199,3147.778232557,3147.820248177,0,1,0.042015619999801856
183,5199,3147.878275139,3147.924371349,0,1,0.04609621000008701
184,5199,3147.978333177,3148.020275612,0,1,0.04194243500023731
185,5199,3148.078243884,3148.117517799,0,1,0.039273914999739645
186,5199,3148.178253409,3148.218128684,0,1,0.03987527500021315
187,5199,3148.278246869,3148.319687627,0,1,0.0414407579996805
188,5199,3148.378246154,3148.423263359,0,1,0.04501720500002193
189,5199,3148.478243231,3148.517198770,0,1,0.03895553900019877
190,5199,3148.578243700,3148.619094553,0,1,0.04085085300039282
191,5199,3148.678242728,3148.720248909,0,1,0.042006181000033394
192,5199,3148.778251518,3148.813233126,0,1,0.034981607999725384
193,5199,3148.878265011,3148.917051745,0,1,0.03878673400004118
194,5199,3148.978262984,3149.015744659,0,1,0.037481674999980896
195,5199,3149.078235612,3149.109219865,0,1,0.030984253000042372
196,5199,3149.178239889,3149.208355735,0,1,0.030115846000171587
197,5199,3149.278231781,3149.308087876,0,1,0.029856095000013738
198,5199,3149.378235482,3149.410331925,0,1,0.03209644299977299
199,5199,3149.478235535,3149.508244978,0,1,0.030009443000380998
200,5199,3149.578252292,3149.608619633,0,1,0.03036734100032845
201,5199,3149.678239449,3149.711337871,0,1,0.033098421999966376
202,5199,3149.778236877,3149.809685399,0,1,0.03144852200011883
203,5199,3149.878294596,3149.916552804,0,1,0.038258207999660954
204,5199,3149.978243703,3150.011348813,0,1,0.033105110000178684
205,5199,3150.078276109,3150.109553298,0,1,0.03127718899986576
206,5199,3150.178251873,3150.210464031,0,1,0.03221215799976562
207,5199,3150.278229013,3150.311463023,0,1,0.033234010000342096
208,5199,3150.378255435,3150.411316608,0,1,0.03306117300007827
209,5199,3150.478241119,3150.511687071,0,1,0.03344595199996547
210,5199,3150.578276789,3150.615161264,0,1,0.036884475000078965
211,5199,3150.678251657,3150.711225436,0,1,0.03297377899980347
212,5199,3150.778236222,3150.811132366,0,1,0.032896144000005734
213,5199,3150.878243507,3150.907471809,0,1,0.029228301999864925
214,5199,3150.978251208,3151.013880513,0,1,0.035629304999929445
215,5199,3151.078281917,3151.108441381,0,1,0.030159464000007574
216,5199,3151.178278066,3151.209808222,0,1,0.03153015599991704
217,5199,3151.278248102,3151.303815058,0,1,0.02556695600014791
218,5199,3151.378236731,3151.405469172,0,1,0.02723244099979638
219,5199,3151.478241424,3151.505657549,0,1,0.02741612499994517
220,5199,3151.578232868,3151.604110169,0,1,0.025877300999582076
221,5199,3151.678244313,3151.700965593,0,1,0.022721280000041588
222,5199,3151.778286575,3151.802902402,0,1,0.024615827000161516
223,5199,3151.878238723,3151.904050710,0,1,0.025811986999997316
224,5199,3151.978240056,3152.002914540,0,1,0.024674484000115626
225,5199,3152.078269165,3152.102653274,0,1,0.024384109000038734
226,5199,3152.178237569,3152.206399667,0,1,0.02816209799993885
227,5199,3152.278240662,3152.305976029,0,1,0.027735366999877442
228,5199,3152.378295372,3152.403616626,0,1,0.025321253999663895
229,5199,3152.478248992,3152.503757003,0,1,0.025508011000056285
230,5199,3152.578263381,3152.601236348,0,1,0.022972966999986966
231,5199,3152.678244105,3152.699995792,0,1,0.021751687000232778
232,5199,3152.778254847,3152.799406965,0,1,0.02115211799991812
233,5199,3152.878255379,3152.899597455,0,1,0.021342075999655208
234,5199,3152.978241608,3152.999583619,0,1,0.02134201099988786
235,5199,3153.078250717,3153.096412483,0,1,0.018161766000048374
236,5199,3153.178238769,3153.196131152,0,1,0.017892382999889378
237,5199,3153.278239334,3153.296941019,0,1,0.01870168499999636
238,5199,3153.378240187,3153.399710394,0,1,0.021470207000220398
239,5199,3153.478244144,3153.501251832,0,1,0.02300768799977959
240,5199,3153.578233508,3153.604912751,0,1,0.026679243000216957
241,5199,3153.678242873,3153.702625638,0,1,0.024382765000154905
242,5199,3153.778245902,3153.802634267,0,1,0.024388365000049816
243,5199,3153.878264484,3153.909608139,0,1,0.03134365500000058
244,5199,3153.978236920,3154.005079142,0,1,0.026842221999686444
245,5199,3154.078233036,3154.102539223,0,1,0.024306187000092905
246,5199,3154.178237505,3154.204908491,0,1,0.0266709859997718
247,5199,3154.278231574,3154.303838467,0,1,0.025606892999803677
248,5199,3154.378238251,3154.404359206,0,1,0.026120955000351387
249,5199,3154.478243168,3154.503623783,0,1,0.025380614999903628
250,5199,3154.578242933,3154.609080910,0,1,0.030837976999919192
251,5199,3154.678248458,3154.710013724,0,1,0.031765266000093106
252,5199,3154.778252607,3154.810636705,0,1,0.03238409799996589
253,5199,3154.878250515,3154.915692510,0,1,0.03744199499988099
254,5199,3154.978231528,3155.014424144,0,1,0.03619261599988022
255,5199,3155.078239517,3155.109275803,0,1,0.031036286000016844
256,5199,3155.178249906,3155.211503596,0,1,0.03325369000003775
257,5199,3155.278234854,3155.312388408,0,1,0.03415355400011322
258,5199,3155.378250939,3155.414645450,0,1,0.03639451100025326
259,5199,3155.478247184,3155.515076490,0,1,0.03682930600007239
260,5199,3155.578239269,3155.612503482,0,1,0.03426421300036964
261,5199,3155.678237529,3155.714218557,0,1,0.03598102800015113
262,5199,3155.778263983,3155.817371366,0,1,0.03910738299964578
263,5199,3155.878245219,3155.912134894,0,1,0.03388967499995488
264,5199,3155.978238488,3156.011896669,0,1,0.03365818100019169
265,5199,3156.078235373,3156.117309858,0,1,0.039074485000128334
266,5199,3156.178233441,3156.213049189,0,1,0.034815747999800806
267,5199,3156.278233142,3156.311124102,0,1,0.03289096000025893
268,5199,3156.378235851,3156.415572978,0,1,0.03733712699977332
269,5199,3156.478251648,3156.517286261,0,1,0.039034613000239915
270,5199,3156.578236597,3156.618916661,0,1,0.040680064000298444
271,5199,3156.678246954,3156.716198081,0,1,0.03795112700026948
272,5199,3156.778246526,3156.814134207,0,1,0.03588768099962181
273,5199,3156.878304437,3156.915665437,0,1,0.03736099999969156
274,5199,3156.978228775,3157.016240065,0,1,0.038011290000213194
275,5199,3157.078250109,3157.116237942,0,1,0.03798783300044306
276,5199,3157.178234609,3157.212910353,0,1,0.03467574400019657
277,5199,3157.278268967,3157.310438308,0,1,0.03216934100009894
278,5199,3157.378242459,3157.413021406,0,1,0.03477894700017714
279,5199,3157.478248656,3157.511269412,0,1,0.03302075600004173
280,5199,3157.578233220,3157.610158203,0,1,0.0319249829999535
281,5199,3157.678267578,3157.711347088,0,1,0.03307950999987952
282,5199,3157.778232910,3157.812080728,0,1,0.03384781800014025
283,5199,3157.878243939,3157.909026619,0,1,0.03078267999990203
284,5199,3157.978237304,3158.009580255,0,1,0.031342951000169705
285,5199,3158.078234124,3158.108898529,0,1,0.03066440499969758
286,5199,3158.178248513,3158.206595960,0,1,0.028347446999759995
287,5199,3158.278238582,3158.309198323,0,1,0.030959741000060603
288,5199,3158.378376878,3158.408959009,0,1,0.030582130999846413
289,5199,3158.478244384,3158.512367697,0,1,0.03412331300023652
290,5199,3158.578314326,3158.608583777,0,1,0.030269451000094705
291,5199,3158.678243369,3158.707315731,0,1,0.02907236200007901
292,5199,3158.778235486,3158.804575199,0,1,0.026339712999742915
293,5199,3158.878237971,3158.905271590,0,1,0.02703361900012169
294,5199,3158.978247624,3159.003935703,0,1,0.025688079000246944
295,5199,3159.078235964,3159.103175928,0,1,0.024939963999713655
296,5199,3159.178239921,3159.201822376,0,1,0.023582454999996116
297,5199,3159.278234598,3159.301297711,0,1,0.023063113000262092
298,5199,3159.378258171,3159.407415592,0,1,0.029157420999581518
299,5199,3159.478492886,3159.505651469,0,1,0.027158583000073122
300,5199,3159.578239652,3159.600874370,0,1,0.022634718000063003
301,5199,3159.678237625,3159.703243190,0,1,0.025005565000356
302,5199,3159.778350993,3159.807151284,0,1,0.028800291000152356
303,5199,3159.878249251,3159.910357438,0,1,0.03210818700017626
304,5199,3159.978234711,3160.004257968,0,1,0.026023256999906152
305,5199,3160.078234732,3160.108214638,0,1,0.02997990599988043
306,5199,3160.178252673,3160.209513926,0,1,0.03126125300013882
307,5199,3160.278240598,3160.303484569,0,1,0.025243970999781595
308,5199,3160.378235690,3160.405334560,0,1,0.02709886999991795
309,5199,3160.478240895,3160.505361621,0,1,0.02712072599979365
310,5199,3160.578241844,3160.604961311,0,1,0.026719467000020813
311,5199,3160.678282794,3160.701048235,0,1,0.02276544100004685
312,5199,3160.778268126,3160.802563785,0,1,0.024295659000017622
313,5199,3160.878248850,3160.904559731,0,1,0.02631088099997214
314,5199,3160.978239111,3161.005449311,0,1,0.027210199999899487
315,5199,3161.078270813,3161.101262660,0,1,0.022991846999957488
316,5199,3161.178264529,3161.203680730,0,1,0.025416201000098226
317,5199,3161.278260582,3161.304414434,0,1,0.026153852000334155
318,5199,3161.380218767,3161.407479465,0,1,0.02726069800019104
319,5199,3161.478539095,3161.503998016,0,1,0.02545892099988123
320,5199,3161.578242276,3161.604803179,0,1,0.026560903000245162
321,5199,3161.678238616,3161.706511085,0,1,0.028272469000057754
322,5199,3161.778245997,3161.803075462,0,1,0.02482946500003891
323,5199,3161.878288323,3161.901351245,0,1,0.023062922000008257
324,5199,3161.978241399,3162.002452511,0,1,0.024211111999647983
325,5199,3162.078399504,3162.106776455,0,1,0.028376950999700057
326,5199,3162.178240416,3162.203463107,0,1,0.02522269100018093
327,5199,3162.278250741,3162.310566742,0,1,0.032316000999799144
328,5199,3162.378237610,3162.405679528,0,1,0.02744191800002227
329,5199,3162.478233374,3162.506000198,0,1,0.027766824000082124
330,5199,3162.578235667,3162.605586991,0,1,0.02735132399993745
331,5199,3162.678249160,3162.707348979,0,1,0.029099818999839044
332,5199,3162.778234717,3162.805331762,0,1,0.02709704500011867
333,5199,3162.878232145,3162.906944210,0,1,0.02871206500003609
334,5199,3162.978242918,3163.004630153,0,1,0.026387235000129294
335,5199,3163.078253979,3163.107005821,0,1,0.02875184200001968
336,5199,3163.178283537,3163.205251491,0,1,0.02696795400015617
337,5199,3163.278243909,3163.307156171,0,1,0.028912261999721522
338,5199,3163.378237465,3163.416499226,0,1,0.038261760999830585
339,5199,3163.478291152,3163.504516206,0,1,0.026225053999951342
340,5199,3163.578235459,3163.605463772,0,1,0.02722831299979589
341,5199,3163.678255096,3163.701450469,0,1,0.023195372999907704
342,5199,3163.778252269,3163.803169576,0,1,0.0249173070001234
343,5199,3163.880079058,3163.903070618,0,1,0.022991560000264144
344,5199,3163.978414971,3164.006911253,0,1,0.028496282000105566
345,5199,3164.078207722,3164.110233507,0,1,0.03202578499985975
346,5199,3164.178245280,3164.212687386,0,1,0.03444210600036968
347,5199,3164.278240308,3164.306170592,0,1,0.027930283999921812
348,5199,3164.378246185,3164.410699918,0,1,0.032453732999783824
349,5199,3164.478631592,3164.513926009,0,1,0.035294416999931855
350,5199,3164.578241075,3164.610904925,0,1,0.032663850000062666
351,5199,3164.678252776,3164.713783839,0,1,0.03553106299978026
352,5199,3164.778247580,3164.816788804,0,1,0.03854122400025517
353,5199,3164.878262897,3164.922472497,0,1,0.04420960000015839
354,5199,3164.978249286,3165.014137990,0,1,0.035888704000171856
355,5199,3165.078248186,3165.123062602,0,1,0.04481441600000835
356,5199,3165.178240655,3165.222378796,0,1,0.04413814100007585
357,5199,3165.278240836,3165.327222083,0,1,0.048981247000028816
358,5199,3165.378236632,3165.425927093,0,1,0.04769046100000196
359,5199,3165.478237005,3165.520937348,0,1,0.0427003429999786
360,5199,3165.578238754,3165.624142351,0,1,0.045903597000233276
361,5199,3165.678236695,3165.726650983,0,1,0.04841428800000358
362,5199,3165.778235691,3165.824687591,0,1,0.04645189999973809
363,5199,3165.878249760,3165.924355859,0,1,0.046106099000098766
364,5199,3165.978281270,3166.025505318,0,1,0.047224047999861796
365,5199,3166.078240330,3166.127468975,0,1,0.04922864499985735
366,5199,3166.178236702,3166.222938763,0,1,0.044702060999952664
367,5199,3166.278240563,3166.317184230,0,1,0.03894366699978491
368,5199,3166.378244680,3166.424379963,0,1,0.04613528299978498
369,5199,3166.478240253,3166.517188751,0,1,0.0389484980000816
370,5199,3166.578243538,3166.624649548,0,1,0.0464060099998278
371,5199,3166.678245478,3166.718146770,0,1,0.0399012920001951
372,5199,3166.778257723,3166.818909948,0,1,0.04065222500003074
373,5199,3166.878257712,3166.921976258,0,1,0.04371854600003644
374,5199,3166.978261413,3167.018398167,0,1,0.0401367540002866
375,5199,3167.078239193,3167.124371468,0,1,0.04613227499976347
376,5199,3167.178243886,3167.225369499,0,1,0.047125612999934674
377,5199,3167.278251395,3167.317533278,0,1,0.03928188300005786
378,5199,3167.378255480,3167.419562089,0,1,0.041306609000002936
379,5199,3167.478250476,3167.518302108,0,1,0.0400516320000861
380,5199,3167.578238081,3167.616702150,0,1,0.03846406899992871
381,5199,3167.678252694,3167.721648064,0,1,0.043395369999871036
382,5199,3167.778245355,3167.819143505,0,1,0.04089814999997543
383,5199,3167.878246239,3167.920944278,0,1,0.042698039000242716
384,5199,3167.978258580,3168.022742107,0,1,0.044483527000011236
385,5199,3168.078265289,3168.115088131,0,1,0.03682284200021968
386,5199,3168.178249278,3168.220506217,0,1,0.042256939000253624
387,5199,3168.278269075,3168.323523822,0,1,0.04525474699994447
388,5199,3168.378235271,3168.426348783,0,1,0.04811351199987257
389,5199,3168.478239420,3168.523639035,0,1,0.045399614999951154
390,5199,3168.578239760,3168.622866075,0,1,0.04462631499973213
391,5199,3168.678259173,3168.721199811,0,1,0.04294063800034564
392,5199,3168.778244314,3168.818446350,0,1,0.04020203600020977
393,5199,3168.878294928,3168.924227517,0,1,0.045932589000130974
394,5199,3168.978233571,3169.019766139,0,1,0.04153256799963856
395,5199,3169.078240600,3169.119940308,0,1,0.04169970800012379
396,5199,3169.178320559,3169.215918237,0,1,0.037597678000111046
397,5199,3169.278238433,3169.314336872,0,1,0.03609843899994303
398,5199,3169.378238230,3169.413795662,0,1,0.035557432000132394
399,5199,3169.478240491,3169.515129126,0,1,0.03688863499974104
400,5199,3169.578245664,3169.612501301,0,1,0.0342556370001148
401,5199,3169.678247156,3169.710892862,0,1,0.032645706000039354
402,5199,3169.778233833,3169.810079901,0,1,0.031846068000049854
403,5199,3169.879308698,3169.914129822,0,1,0.03482112400024562
404,5199,3169.978248019,3170.012919059,0,1,0.03467103999992105
405,5199,3170.078250696,3170.114060198,0,1,0.03580950200012012
406,5199,3170.178365567,3170.219373353,0,1,0.0410077859996818
407,5199,3170.278243409,3170.309225806,0,1,0.03098239700011618
408,5199,3170.378245638,3170.411234745,0,1,0.032989107000048534
409,5199,3170.478272859,3170.515445470,0,1,0.03717261100018732
410,5199,3170.578255055,3170.610430797,0,1,0.03217574199970841
411,5199,3170.678235683,3170.713926655,0,1,0.035690971999883914
412,5199,3170.778246648,3170.813304195,0,1,0.0350575470001786
413,5199,3170.878251885,3170.908322962,0,1,0.030071077000229707
414,5199,3170.978245026,3171.006084299,0,1,0.027839273000154208
415,5199,3171.078238838,3171.107833007,0,1,0.02959416900012002
416,5199,3171.178240267,3171.214355442,0,1,0.03611517499984984
417,5199,3171.278187711,3171.313245129,0,1,0.03505741799972384
418,5199,3171.378930887,3171.411891417,0,1,0.03296052999985477
419,5199,3171.478282571,3171.506384635,0,1,0.028102063999995153
420,5199,3171.578252254,3171.605464151,0,1,0.027211897000142926
421,5199,3171.678254227,3171.709238577,0,1,0.0309843500003808
422,5199,3171.778246664,3171.808198249,0,1,0.029951584999707848
423,5199,3171.878246364,3171.911288305,0,1,0.03304194100019231
424,5199,3171.978239313,3172.010576307,0,1,0.03233699400016121
425,5199,3172.078250854,3172.107198989,0,1,0.028948135000064212
426,5199,3172.178246523,3172.208237565,0,1,0.02999104200034708
427,5199,3172.278260432,3172.307351994,0,1,0.029091561999848636
428,5199,3172.378278309,3172.406874082,0,1,0.028595772999779
429,5199,3172.478242329,3172.508877037,0,1,0.030634707999979582
430,5199,3172.578243117,3172.608973284,0,1,0.03073016700000153
431,5199,3172.678299332,3172.707748760,0,1,0.029449428000134503
432,5199,3172.778240311,3172.807800046,0,1,0.029559735000020737
433,5199,3172.878280140,3172.914975651,0,1,0.036695511000289116
434,5199,3172.978246880,3173.009444387,0,1,0.03119750699988799
435,5199,3173.078241877,3173.107607623,0,1,0.029365746000166837
436,5199,3173.178300523,3173.208583734,0,1,0.030283211000096344
437,5199,3173.278242654,3173.306687672,0,1,0.028445017999729316
438,5199,3173.378252275,3173.407705064,0,1,0.029452789000060875
439,5199,3173.478239592,3173.507936899,0,1,0.029697306999878492
440,5199,3173.578251517,3173.609956909,0,1,0.03170539200027633
441,5199,3173.678233521,3173.712810350,0,1,0.034576828999888676
442,5199,3173.778322952,3173.809428169,0,1,0.031105217000003904
443,5199,3173.878246683,3173.911864767,0,1,0.033618084000409
444,5199,3173.978236943,3174.007180150,0,1,0.02894320699988384
445,5199,3174.078232740,3174.109654509,0,1,0.03142176899973492
446,5199,3174.178242553,3174.208621798,0,1,0.03037924499994915
447,5199,3174.278241197,3174.305912018,0,1,0.02767082099990148
448,5199,3174.378254626,3174.401349197,0,1,0.02309457100000145
449,5199,3174.478240503,3174.498020968,0,1,0.01978046500016717
450,5199,3174.578243084,3174.597112357,0,1,0.01886927299983654
451,5199,3174.678242656,3174.697147130,0,1,0.01890447400000994
452,5199,3174.778239861,3174.804568566,0,1,0.026328704999741603
453,5199,3174.878244042,3174.907865507,0,1,0.02962146500021845
454,5199,3174.978236030,3175.007155364,0,1,0.028919333999965602
455,5199,3175.078240115,3175.108316600,0,1,0.03007648499988136
456,5199,3175.178236840,3175.208509298,0,1,0.03027245800012679
457,5199,3175.278536900,3175.309259259,0,1,0.030722359000264987
458,5199,3175.378232593,3175.410976797,0,1,0.03274420399975497
459,5199,3175.478258438,3175.511166167,0,1,0.032907728999816754
460,5199,3175.578241947,3175.610150705,0,1,0.03190875799964488
461,5199,3175.678252464,3175.707905897,0,1,0.029653433000021323
462,5199,3175.778252836,3175.810745162,0,1,0.03249232600001051
463,5199,3175.878244569,3175.911094536,0,1,0.032849966999947355
464,5199,3175.978259182,3176.011140478,0,1,0.03288129600014145
465,5199,3176.078243138,3176.111554782,0,1,0.03331164400015041
466,5199,3176.178247831,3176.208882667,0,1,0.030634835999990173
467,5199,3176.278260172,3176.309785496,0,1,0.031525324000085675
468,5199,3176.378233344,3176.413000131,0,1,0.03476678700008051
469,5199,3176.478228981,3176.509922981,0,1,0.0316939999997885
470,5199,3176.578239498,3176.613888420,0,1,0.0356489219998366
471,5199,3176.678240478,3176.712798171,0,1,0.03455769299989697
472,5199,3176.778260819,3176.811167652,0,1,0.032906833000197366
473,5199,3176.878642514,3176.914249259,0,1,0.035606744999768125
474,5199,3176.978235132,3177.014623210,0,1,0.03638807800007271
475,5199,3177.078243505,3177.116838074,0,1,0.038594568999997136
476,5199,3177.178247590,3177.213791197,0,1,0.03554360699990866
477,5199,3177.278246043,3177.312381836,0,1,0.03413579300013225
478,5199,3177.378249647,3177.415605207,0,1,0.03735556000037832
479,5199,3177.478245508,3177.520586033,0,1,0.042340525000327034
480,5199,3177.578254617,3177.615984587,0,1,0.03772997000032774
481,5199,3177.678237869,3177.715073895,0,1,0.03683602599994629
482,5199,3177.778260610,3177.819426288,0,1,0.04116567800019766
483,5199,3177.878254807,3177.917629653,0,1,0.03937484600010066
484,5199,3177.978237323,3178.018112439,0,1,0.03987511600007565
485,5199,3178.078257312,3178.121854383,0,1,0.04359707100002197
486,5199,3178.178241685,3178.220864010,0,1,0.04262232499968377
487,5199,3178.278233673,3178.318357147,0,1,0.04012347399975624
488,5199,3178.378234686,3178.425938747,0,1,0.04770406100033142
489,5199,3178.478235859,3178.522612790,0,1,0.04437693099998796
490,5199,3178.578250440,3178.578256744,0,0,6.304000180534786e-06
491,5199,3178.678253148,3178.678260317,0,0,7.169000127760228e-06
492,5199,3178.779409424,3178.779413584,0,0,4.160000116826268e-06
493,5199,3178.878261702,3178.878267782,0,0,6.079999820940429e-06
494,5199,3178.978242042,3178.978249338,0,0,7.295999694179045e-06
495,5199,3179.078248783,3179.078255119,0,0,6.335999842121964e-06
496,5199,3179.178462665,3179.178470058,0,0,7.393000032607233e-06
